Workbook

Sheet Monthly Team
A1: 2025 | B1: Jan | C1: Feb | D1: March | E1: April | F1: May | G1: June | H1: July | I1: Aug | J1: Sept | K1: October | L1: November | M1: December | N1: Full Year
A2: Goal % | B2: 0.035 | C2: 0.05 | D2: 0.065 | E2: 0.075 | F2: 0.095 | G2: 0.11 | H2: 0.08 | I2: 0.095 | J2: 0.115 | K2: 0.085 | L2: 0.115 | M2: 0.08
A3: Goal $ | B3: 350000 | C3: 500000 | D3: 650000 | E3: 750000 | F3: 950000 | G3: 1100000 | H3: 800000 | I3: 950000 | J3: 1150000 | K3: 850000 | L3: 1150000 | M3: 800000 | N3: 8500000
A4: Actual % | B4: 0.0174 | C4: 0.0262 | D4: 0.0769 | E4: 0.0639 | F4: 0.1217 | G4: 0.1043 | H4: 0.0926 | I4: 0.1142 | J4: 0.1286 | K4: 0.0644 | L4: 0.0437 | M4: 0.1051
A5: Actual $ | B5: 173632 | C5: 261666 | D5: 1248777.8 | E5: 639334 | F5: 1216533 | G5: 1043066 | H5: 926049 | I5: 1141781 | J5: 1286119 | K5: 643737 | L5: 437270 | M5: 1051281 | N5: 9589139
A6: Difference | B6: =B5-B3 | C6: =C5-C3 | D6: =D5-D3 | E6: =E5-E3 | F6: =F5-F3 | G6: =G5-G3 | H6: =H5-H3 | I6: =I5-I3 | ... M6: =M5-M3
A7: % Hit or (Miss) | B7: =(B5-B3)/B3 | C7: =(C5-C3)/C3 | D7: =(D5-D3)/D3 | E7: =(E5-E3)/E3 | F7: =(F5-F3)/F3 | G7: =(G5-G3)/G3 | H7: =(H5-H3)/H3 | I7: =(I5-I3)/I3 | ... M7: =(M5-M3)/M3
A9: 2026 | B9: Jan | C9: Feb | D9: March | E9: April | F9: May | G9: June | H9: July | I9: Aug | J9: Sept | K9: October | L9: November | M9: December | N9: Full Year
A10: Goal % | B10: 0.035 | C10: 0.05 | D10: 0.065 | E10: 0.075 | F10: 0.095 | G10: 0.11 | H10: 0.08 | I10: 0.095 | J10: 0.115 | K10: 0.085 | L10: 0.115 | M10: 0.08
A11: Goal $ | B11: =B10*$N$11 | C11: =C10*$N$11 | D11: =D10*$N$11 | E11: =E10*$N$11 | F11: =F10*$N$11 | G11: =G10*$N$11 | H11: =H10*$N$11 | I11: =I10*$N$11 | ... M11: =M10*$N$11 | N11: 11000000
A12: Actual % | B12: =B13/$N$13 | C12: =C13/$N$13 | D12: =D13/$N$13 | E12: =E13/$N$13 | F12: =F13/$N$13 | G12: =G13/$N$13 | H12: =H13/$N$13 | I12: =I13/$N$13 | ... M12: =M13/$N$13
A13: Actual $ | B13: 377581.1 | C13: 596662.2 | D13: 1230206.6 | E13: 1224504.5 | F13: 688337.45 | G13: 1600887.9 | H13: 1087024.4 | N13: =SUM(B13:M13)
A14: Difference | B14: =B13-B11 | C14: =C13-C11 | D14: =D13-D11 | E14: =E13-E11 | F14: =F13-F11 | G14: =G13-G11 | H14: =H13-H11 | I14: =I13-I11 | ... M14: =M13-M11 | N14: =SUM(B14:G14)
A15: % Hit or (Miss) | B15: =(B13-B11)/B11 | C15: =(C13-C11)/C11 | D15: =(D13-D11)/D11 | E15: =(E13-E11)/E11 | F15: =(F13-F11)/F11 | G15: =(G13-G11)/G11 | H15: =(H13-H11)/H11 | I15: =(I13-I11)/I11 | ... M15: =(M13-M11)/M11

Sheet Monthly Sales
B1: Jan | C1: Feb | D1: March | E1: April | F1: May | G1: June | H1: July | I1: Aug | J1: Sept | K1: October | L1: November | M1: December
A2: Thomas Historial | B2: 0.05 | C2: 0.05 | D2: 0.05 | E2: 0.075 | F2: 0.095 | G2: 0.11 | H2: 0.08 | I2: 0.095 | J2: 0.115 | K2: 0.085 | L2: 0.115 | M2: 0.08
A3: Thomas Goal | B3: =B2*$N$3 | C3: =C2*$N$3 | D3: =D2*$N$3 | E3: =E2*$N$3 | F3: =F2*$N$3 | G3: =G2*$N$3 | H3: =H2*$N$3 | I3: =I2*$N$3 | ... M3: =M2*$N$3 | N3: 1500000
A4: Thomas Actual | B4: =33300+B34 | C4: 2264 | D4: 45340 | E4: 123268 | F4: 122919.45 | G4: 434606.89 | H4: 21200 | N4: =SUM(B4:M4)
A5: Difference | B5: =B4-B3 | C5: =C4-C3 | D5: =D4-D3 | E5: =E4-E3 | F5: =F4-F3 | G5: =G4-G3 | H5: =H4-H3 | I5: =I4-I3 | ... N5: =N4-N3
A6: % Hit or (Miss) | B6: =B5/B3 | C6: =C5/C3 | D6: =D5/D3 | E6: =E5/E3 | F6: =F5/F3 | G6: =G5/G3 | H6: =H5/H3 | I6: =I5/I3 | ... M6: =M5/M3
A8: Tony Historial | B8: 0.02 | C8: 0.1 | D8: 0.02 | E8: 0.03 | F8: 0.08 | G8: 0.12 | H8: 0.05 | I8: 0.19 | J8: 0.14 | K8: 0.04 | L8: 0.06 | M8: 0.15
A9: Tony Goal | B9: =B8*$N$9 | C9: =C8*$N$9 | D9: =D8*$N$9 | E9: =E8*$N$9 | F9: =F8*$N$9 | G9: =G8*$N$9 | H9: =H8*$N$9 | I9: =I8*$N$9 | ... M9: =M8*$N$9 | N9: 2250000
A10: Tony Actual | B10: =39235+B35 | C10: =43126.2+C35 | D10: =137335.78+D35 | E10: =48995+E35 | F10: =F35+40205 | G10: =111436.98+G35 | H10: =253820.39+H35 | N10: =SUM(B10:M10)
A11: Difference | B11: =B10-B9 | C11: =C10-C9 | D11: =D10-D9 | E11: =E10-E9 | F11: =F10-F9 | G11: =G10-G9 | H11: =H10-H9 | I11: =I10-I9 | ... N11: =N10-N9
A12: % Hit or (Miss) | B12: =B11/B9 | C12: =C11/C9 | D12: =D11/D9 | E12: =E11/E9 | F12: =F11/F9 | G12: =G11/G9 | H12: =H11/H9 | I12: =I11/I9 | ... M12: =M11/M9
A14: Adam Historial | B14: 0.05 | C14: 0.05 | D14: 0.08 | E14: 0.1 | F14: 0.21 | G14: 0.12 | H14: 0.04 | I14: 0.07 | J14: 0.07 | K14: 0.08 | L14: 0.03 | M14: 0.11
A15: Adam Goal | B15: =B14*$N$15 | C15: =C14*$N$15 | D15: =D14*$N$15 | E15: =E14*$N$15 | F15: =F14*$N$15 | G15: =G14*$N$15 | H15: =H14*$N$15 | I15: =I14*$N$15 | ... M15: =M14*$N$15 | N15: 3500000
A16: Adam Actual | B16: =127099.5+B36 | C16: =233620+C36 | D16: =477205.33+D36 | E16: =751607+E36 | F16: =F36+142174 | G16: =245847+G36 | H16: =105250+H36 | N16: =SUM(B16:M16)
A17: Difference | B17: =B16-B15 | C17: =C16-C15 | D17: =D16-D15 | E17: =E16-E15 | F17: =F16-F15 | G17: =G16-G15 | H17: =H16-H15 | I17: =I16-I15 | ... N17: =N16-N15
A18: % Hit or (Miss) | B18: =B17/B15 | C18: =C17/C15 | D18: =D17/D15 | E18: =E17/E15 | F18: =F17/F15 | G18: =G17/G15 | H18: =H17/H15 | I18: =I17/I15 | ... M18: =M17/M15
A20: PPS Historial | B20: 0.05 | C20: 0.05 | D20: 0.05 | E20: 0.075 | F20: 0.095 | G20: 0.11 | H20: 0.08 | I20: 0.095 | J20: 0.115 | K20: 0.085 | L20: 0.115 | M20: 0.08 | N20: =sum(B20:M20)
A21: Andy Goal | B21: =B20*$N$21 | C21: =C20*$N$21 | D21: =D20*$N$21 | E21: =E20*$N$21 | F21: =F20*$N$21 | G21: =G20*$N$21 | H21: =H20*$N$21 | I21: =I20*$N$21 | ... M21: =M20*$N$21 | N21: 2000000
A22: Andy Actual | B22: =93855+B37 | C22: =26165+C37 | D22: =359980+D37 | E22: =100885+E37 | F22: =F37+53310 | G22: =112440+G37 | H22: =H37+113675 | N22: =SUM(B22:M22)
A23: Difference | B23: =B22-B21 | C23: =C22-C21 | D23: =D22-D21 | E23: =E22-E21 | F23: =F22-F21 | G23: =G22-G21 | H23: =H22-H21 | I23: =I22-I21 | ... N23: =N22-N21
A24: % Hit or (Miss) | B24: =B23/B21 | C24: =C23/C21 | D24: =D23/D21 | E24: =E23/E21 | F24: =F23/F21 | G24: =G23/G21 | H24: =H23/H21 | I24: =I23/I21 | ... M24: =M23/M21
A26: PPS Historial | C26: 0.05 | D26: 0.05 | E26: 0.075 | F26: 0.095 | G26: 0.1 | H26: 0.1 | I26: 0.1 | J26: 0.12 | K26: 0.1 | L26: 0.12 | M26: 0.09 | N26: =sum(B26:M26)
A27: Rachel Goal | B27: $ - | C27: 37500 | D27: 60000 | E27: 67500 | F27: 71250 | G27: 75000 | H27: 67500 | I27: 67500 | J27: 86250 | K27: 67500 | L27: 86250 | M27: 67500 | N27: 750000
A28: Rachel Actual | C28: =C38 | D28: =13521+D38 | E28: =10350+E38 | F28: =F38+20525 | G28: =107127+G38 | H28: =19239+H38 | N28: =SUM(B28:M28)
A29: Difference | B29: $ - | C29: =C28-C27 | D29: =D28-D27 | E29: =E28-E27 | F29: =F28-F27 | G29: =G28-G27 | H29: =H28-H27 | I29: =I28-I27 | J29: =J28-J27 | ... N29: =N28-N27
A30: % Hit or (Miss) | C30: =C29/C27 | D30: =D29/D27 | E30: =E29/E27 | F30: =F29/F27 | G30: =G29/G27 | H30: =H29/H27 | I30: =I29/I27 | J30: =J29/J27 | ... M30: =M29/M27
M31: Total | N31: =N22+N28+N16+N10+N4
A32: These numbers are included in each individual sales monthly numbers | N32: =N31-(N27+N21+N15+N9+N3)
B33: Jan | C33: Feb | D33: March | E33: April | F33: May | G33: June | H33: July | I33: Aug | J33: Sept | K33: October | L33: November | M33: December
A34: Thomas Shared | B34: 0 | N34: =SUM(B34:M34)
A35: Tony Shared | B35: =31502/2 | C35: =5050/2 | D35: =(11460+2465)/2 | E35: =(3000+19842)/2 | F35: =26810/2 | G35: =(142180+124875)/2 | H35: =205630/2 | N35: =SUM(B35:M35)
A36: Adam Shared | B36: =125819.6/2 | C36: =(272262+15000)/2 | D36: =(+191374.5+11460)/2 | E36: =(180689.5+3000)/2 | F36: =279194/2 | G36: =(320760+124875)/2 | H36: =368210+205630/2 | N36: =SUM(B36:M36)
A37: Andy Shared | B37: =(125819.6+31502)/2 | C37: =(272262+15000)/2 | D37: =+191374.5/2 | E37: =180689.5/2 | F37: =279194/2 | G37: =320760/2 | H37: =368210/2 | N37: =SUM(B37:M37)
A38: Rachel Shared | C38: =(15000+5050)/2 | D38: =2465/2 | E38: =19842/2 | F38: =26810/2 | G38: =142180/2 | N38: =SUM(B38:M38)
N39: =SUM(N34:N38)

Sheet Quarterly Breakdowns
A1: Team | B1: Q1 | C1: Q2 | D1: Q3 | E1: Q4
A2: Goal | B2: =SUM('Monthly Team'!B11:D11) | C2: =SUM('Monthly Team'!E11:G11) | D2: =SUM('Monthly Team'!H11:J11) | E2: =SUM('Monthly Team'!K11:M11)
A3: Actual | B3: =sum('Monthly Team'!B13:D13) | C3: =sum('Monthly Team'!E13:G13) | D3: =sum('Monthly Team'!H13:J13) | E3: =sum('Monthly Team'!K13:M13)
A4: Hit/Miss | B4: =B3-B2 | C4: =C3-C2 | D4: =D3-D2 | E4: =E3-E2
B5: =(B3-B2)/B2 | C5: =(C3-C2)/C2 | D5: =(D3-D2)/D2 | E5: =(E3-E2)/E2 | N5: 2950
N6: 1000
A7: By Sales | B7: Q1 Actual | C7: Q1 Goal | D7: Difference | F7: By Sales | G7: Q2 Actual | H7: Q2 Goal | I7: Difference | N7: 4855
A8: Thomas | B8: =sum('Monthly Sales'!B4:D4) | C8: =sum('Monthly Sales'!B3:D3) | D8: =B8-C8 | F8: Thomas | G8: =sum('Monthly Sales'!E4:G4) | H8: =sum('Monthly Sales'!E3:G3) | I8: =G8-H8 | N8: 2200
A9: Tony | B9: =sum('Monthly Sales'!B10:D10) | C9: =sum('Monthly Sales'!B9:D9) | D9: =B9-C9 | F9: Tony | G9: =sum('Monthly Sales'!E10:G10) | H9: =SUM('Monthly Sales'!E9:G9) | I9: =G9-H9 | N9: 550
A10: Adam | B10: =SUM('Monthly Sales'!B16:D16) | C10: =sum('Monthly Sales'!B15:D15) | D10: =B10-C10 | F10: Adam | G10: =sum('Monthly Sales'!E16:G16) | H10: =SUM('Monthly Sales'!E15:G15) | I10: =G10-H10 | N10: 700
A11: Andy | B11: =SUM('Monthly Sales'!B22:D22) | C11: =sum('Monthly Sales'!B21:D21) | D11: =B11-C11 | F11: Andy | G11: =sum('Monthly Sales'!E22:G22) | H11: =SUM('Monthly Sales'!E21:G21) | I11: =G11-H11 | N11: 1600
A12: Rachel | B12: =SUM('Monthly Sales'!B28:D28) | C12: =sum('Monthly Sales'!B27:D27) | D12: =B12-C12 | F12: Rachel | G12: =sum('Monthly Sales'!E28:G28) | H12: =SUM('Monthly Sales'!E27:G27) | I12: =G12-H12 | N12: 1100
N13: 34062
A14: By Sales | B14: Q3 Actual | C14: Q3 Goal | D14: Difference | F14: By Sales | G14: Q4 Actual | H14: Q4 Goal | I14: Difference | N14: 41697
A15: Thomas | B15: =sum('Monthly Sales'!H4:J4) | C15: =sum('Monthly Sales'!H3:J3) | D15: =B15-C15 | F15: Thomas | G15: =sum('Monthly Sales'!K4:M4) | H15: =sum('Monthly Sales'!K3:M3) | I15: =G15-H15 | N15: 600
A16: Tony | B16: =sum('Monthly Sales'!H10:J10) | C16: =sum('Monthly Sales'!H9:J9) | D16: =B16-C16 | F16: Tony | G16: =sum('Monthly Sales'!K10:M10) | H16: =sum('Monthly Sales'!K9:M9) | I16: =G16-H16 | N16: 500
A17: Adam | B17: =sum('Monthly Sales'!H16:J16) | C17: =sum('Monthly Sales'!H15:J15) | D17: =B17-C17 | F17: Adam | G17: =sum('Monthly Sales'!K16:M16) | H17: =sum('Monthly Sales'!K15:M15) | I17: =G17-H17 | N17: 800
A18: Andy | B18: =sum('Monthly Sales'!H22:J22) | C18: =sum('Monthly Sales'!H21:J21) | D18: =B18-C18 | F18: Andy | G18: =sum('Monthly Sales'!K22:M22) | H18: =sum('Monthly Sales'!K21:M21) | I18: =G18-H18 | N18: =SUM(N5:N17)
A19: Rachel | B19: =sum('Monthly Sales'!H28:J28) | C19: =sum('Monthly Sales'!H27:J27) | D19: =B19-C19 | F19: Rachel | G19: =sum('Monthly Sales'!K28:M28) | H19: =sum('Monthly Sales'!K27:M27) | I19: =G19-H19

Sheet Profit and Margin
A1: 2025 | B1: Jan | C1: Feb | D1: March | E1: April | F1: May | G1: June | H1: July | I1: Aug | J1: Sept | K1: October | L1: November | M1: December
A2: total sales YTD | B2: 173632.44 | C2: 436319.16 | D2: 1204988.8 | E2: 1857726.9 | F2: 3074259.9 | G2: 4117325.8 | H2: 5043375 | I2: 6181336 | J2: 7405470.5 | K2: 8041058 | L2: 8471877.6 | M2: 9717582.1
A3: profit % | B3: =-128196.72/B2 | C3: =-275541.99/C2 | D3: =-221384.27/D2 | E3: =-532005.5/E2 | F3: =-137641.44/F2 | G3: =40910.23/G2 | H3: =121129.98/H2 | I3: =439236.9/I2 | J3: =739926.91/J2 | K3: =653296.49/K2 | L3: =430401.12/L2 | M3: =671648.4/M2
A4: margin % | B4: =15436.07/B2 | C4: =35595.22/C2 | D4: =266025.61/D2 | E4: =180310.43/E2 | F4: =717491.8/F2 | G4: =1088065.76/G2 | H4: =1349732/H2 | I4: =1847630.08/I2 | J4: =2285642.99/J2 | K4: =2422180.25/K2 | L4: =2355151.28/L2 | M4: =2986143.96/M2
A6: 2026 | B6: Jan | C6: Feb | D6: March | E6: April | F6: May | G6: June | H6: July | I6: Aug | J6: Sept | K6: October | L6: November | M6: December
A7: total sales YTD | B7: 450811.1 | C7: 1056056.1 | D7: 2287279 | E7: 3446473.4 | F7: 4134810.8 | G7: 5735698.7
A8: profit % | B8: =-255724.34/B7 | C8: =-355362.31/C7 | D8: =108682/D7 | E8: =-90201.97/3446473.35 | F8: =-216977.84/4134810.8 | G8: =604130.5/5735698.67
A9: margin% | B9: =-127661.63/B7 | C9: =57276.15/C7 | D9: =654140/D7 | E9: =634068.33/2446473.35 | F9: =655670.05/4134810.8 | G9: =1633145.93/5735698.67
